name,description,link
Software Developer,Designs and builds software applications.,https://en.wikipedia.org/wiki/Software_development
Systems Analyst,Analyzes and improves IT systems for organizations.,https://en.wikipedia.org/wiki/Systems_analyst
AI/ML Engineer,Builds machine learning and AI models for predictions.,https://en.wikipedia.org/wiki/Machine_learning
Web Developer,Develops websites and web applications.,https://en.wikipedia.org/wiki/Web_developer
Database Administrator,Manages and maintains databases securely.,https://en.wikipedia.org/wiki/Database_administrator
Data Analyst,Analyzes data to generate business insights.,https://en.wikipedia.org/wiki/Data_analysis
Cybersecurity Specialist,Protects systems from cyber threats.,https://en.wikipedia.org/wiki/Computer_security
Database Architect,Designs database structure and architecture.,https://en.wikipedia.org/wiki/Database
Business Intelligence Analyst,Creates reports and dashboards for decision-making.,https://en.wikipedia.org/wiki/Business_intelligence
Network Security Engineer,Secures computer networks from attacks.,https://en.wikipedia.org/wiki/Network_security
Civil Engineer,Designs and constructs infrastructure projects.,https://en.wikipedia.org/wiki/Civil_engineering
Electrical Engineer,Works with electrical systems and circuits.,https://en.wikipedia.org/wiki/Electrical_engineering
Mechanical Engineer,Designs mechanical systems and machines.,https://en.wikipedia.org/wiki/Mechanical_engineering
Industrial Engineer,Improves production and industrial processes.,https://en.wikipedia.org/wiki/Industrial_engineering
Robotics Engineer,Builds and programs robotic systems.,https://en.wikipedia.org/wiki/Robotics
Physician,Diagnoses and treats illnesses.,https://en.wikipedia.org/wiki/Physician
Nurse,Provides patient care in healthcare settings.,https://en.wikipedia.org/wiki/Nursing
Physiotherapist,Helps patients recover movement and function.,https://en.wikipedia.org/wiki/Physical_therapy
Occupational Therapist,Helps patients regain daily life skills.,https://en.wikipedia.org/wiki/Occupational_therapy
Clinical Psychologist,Treats mental health disorders.,https://en.wikipedia.org/wiki/Clinical_psychology
Biomedical Scientist,Studies biology for medical applications.,https://en.wikipedia.org/wiki/Biomedical_science
Geneticist,Studies genes and heredity.,https://en.wikipedia.org/wiki/Genetics
Microbiologist,Studies microorganisms like bacteria.,https://en.wikipedia.org/wiki/Microbiology
Pharmacologist,Studies drug effects on the body.,https://en.wikipedia.org/wiki/Pharmacology
Immunologist,Studies immune system and diseases.,https://en.wikipedia.org/wiki/Immunology
Environmental Scientist,Studies environment and sustainability.,https://en.wikipedia.org/wiki/Environmental_science
Wildlife Biologist,Studies animals and ecosystems.,https://en.wikipedia.org/wiki/Wildlife
Marine Biologist,Studies ocean life and ecosystems.,https://en.wikipedia.org/wiki/Marine_biology
Ecologist,Studies ecosystems and biodiversity.,https://en.wikipedia.org/wiki/Ecology
Conservation Officer,Protects natural resources and wildlife.,https://en.wikipedia.org/wiki/Conservation_biology
Accountant,Manages financial records and reports.,https://en.wikipedia.org/wiki/Accountant
Auditor,Reviews financial accuracy and compliance.,https://en.wikipedia.org/wiki/Auditing
Tax Consultant,Advises on tax planning and compliance.,https://en.wikipedia.org/wiki/Tax_advisor
Financial Analyst,Analyzes financial performance.,https://en.wikipedia.org/wiki/Financial_analyst
Investment Banker,Handles capital raising and investments.,https://en.wikipedia.org/wiki/Investment_banking
Business Manager,Oversees business operations.,https://en.wikipedia.org/wiki/Management
Operations Manager,Manages daily business operations.,https://en.wikipedia.org/wiki/Operations_management
HR Manager,Manages human resources and hiring.,https://en.wikipedia.org/wiki/Human_resource_management
Project Manager,Leads and manages projects.,https://en.wikipedia.org/wiki/Project_management
Entrepreneur,Starts and runs businesses.,https://en.wikipedia.org/wiki/Entrepreneurship
Marketing Executive,Promotes products and services.,https://en.wikipedia.org/wiki/Marketing
Brand Manager,Manages brand identity and growth.,https://en.wikipedia.org/wiki/Brand_management
Digital Marketer,Handles online marketing strategies.,https://en.wikipedia.org/wiki/Digital_marketing
Sales Manager,Leads sales teams and strategies.,https://en.wikipedia.org/wiki/Sales
Market Research Analyst,Studies market trends and consumer behavior.,https://en.wikipedia.org/wiki/Market_research
Journalist,Reports news and stories.,https://en.wikipedia.org/wiki/Journalism
Public Relations Officer,Manages public image and communication.,https://en.wikipedia.org/wiki/Public_relations
Content Writer,Writes articles and digital content.,https://en.wikipedia.org/wiki/Content_marketing
Social Media Manager,Manages social media platforms.,https://en.wikipedia.org/wiki/Social_media_marketing
Broadcaster,Presents news and media content.,https://en.wikipedia.org/wiki/Broadcasting
Graphic Designer,Creates visual designs and graphics.,https://en.wikipedia.org/wiki/Graphic_design
Animator,Creates animated visuals and films.,https://en.wikipedia.org/wiki/Animation
Musician,Creates and performs music.,https://en.wikipedia.org/wiki/Music
Actor/Actress,Performs in films and theatre.,https://en.wikipedia.org/wiki/Actor
Fashion Designer,Designs clothing and fashion items.,https://en.wikipedia.org/wiki/Fashion_design
Teacher,Educates students in academic subjects.,https://en.wikipedia.org/wiki/Teacher
Counselor,Provides guidance and mental support.,https://en.wikipedia.org/wiki/Counseling_psychology
Social Worker,Supports individuals and communities.,https://en.wikipedia.org/wiki/Social_work
Librarian,Manages library resources.,https://en.wikipedia.org/wiki/Librarian
NGO Officer,Works in non-government organizations.,https://en.wikipedia.org/wiki/Non-governmental_organization
IT Support Specialist,Fixes technical IT issues.,https://en.wikipedia.org/wiki/IT_service_management
Network Administrator,Manages computer networks.,https://en.wikipedia.org/wiki/Network_administrator
Technical Trainer,Trains people in technical skills.,https://en.wikipedia.org/wiki/Training_and_development
Helpdesk Technician,Provides IT support to users.,https://en.wikipedia.org/wiki/Help_desk
System Operator,Monitors and maintains systems.,https://en.wikipedia.org/wiki/System_administrator
Product Manager,Leads product development.,https://en.wikipedia.org/wiki/Product_management
Startup Founder,Builds new startup companies.,https://en.wikipedia.org/wiki/Startup_company
Tech Consultant,Advises on technology solutions.,https://en.wikipedia.org/wiki/Information_technology_consulting
Business Analyst (Tech),Analyzes business requirements.,https://en.wikipedia.org/wiki/Business_analysis
Innovation Manager,Drives innovation in organizations.,https://en.wikipedia.org/wiki/Innovation_management
UI/UX Designer,Designs user interfaces and experiences.,https://en.wikipedia.org/wiki/User_experience_design
Game Developer,Develops video games.,https://en.wikipedia.org/wiki/Video_game_development
AR/VR Developer,Builds augmented/virtual reality apps.,https://en.wikipedia.org/wiki/Augmented_reality
Multimedia Artist,Creates digital multimedia content.,https://en.wikipedia.org/wiki/Multimedia
Mobile App Developer,Builds mobile applications.,https://en.wikipedia.org/wiki/Mobile_app_development
