career,step,title,description
Software Developer,1,Foundations,Learn core fundamentals required for the field for Software Developer
Software Developer,2,Skill Development,Build essential technical and soft skills for Software Developer
Software Developer,3,Tools & Technologies,Master industry tools and frameworks for Software Developer
Software Developer,4,Projects & Experience,Work on real-world projects and internships for Software Developer
Software Developer,5,Career Entry & Growth,Apply for jobs and advance professionally for Software Developer
Systems Analyst,1,Foundations,Learn core fundamentals required for the field for Systems Analyst
Systems Analyst,2,Skill Development,Build essential technical and soft skills for Systems Analyst
Systems Analyst,3,Tools & Technologies,Master industry tools and frameworks for Systems Analyst
Systems Analyst,4,Projects & Experience,Work on real-world projects and internships for Systems Analyst
Systems Analyst,5,Career Entry & Growth,Apply for jobs and advance professionally for Systems Analyst
AI/ML Engineer,1,Foundations,Learn core fundamentals required for the field for AI/ML Engineer
AI/ML Engineer,2,Skill Development,Build essential technical and soft skills for AI/ML Engineer
AI/ML Engineer,3,Tools & Technologies,Master industry tools and frameworks for AI/ML Engineer
AI/ML Engineer,4,Projects & Experience,Work on real-world projects and internships for AI/ML Engineer
AI/ML Engineer,5,Career Entry & Growth,Apply for jobs and advance professionally for AI/ML Engineer
Web Developer,1,Foundations,Learn core fundamentals required for the field for Web Developer
Web Developer,2,Skill Development,Build essential technical and soft skills for Web Developer
Web Developer,3,Tools & Technologies,Master industry tools and frameworks for Web Developer
Web Developer,4,Projects & Experience,Work on real-world projects and internships for Web Developer
Web Developer,5,Career Entry & Growth,Apply for jobs and advance professionally for Web Developer
Database Administrator,1,Foundations,Learn core fundamentals required for the field for Database Administrator
Database Administrator,2,Skill Development,Build essential technical and soft skills for Database Administrator
Database Administrator,3,Tools & Technologies,Master industry tools and frameworks for Database Administrator
Database Administrator,4,Projects & Experience,Work on real-world projects and internships for Database Administrator
Database Administrator,5,Career Entry & Growth,Apply for jobs and advance professionally for Database Administrator
Data Analyst,1,Foundations,Learn core fundamentals required for the field for Data Analyst
Data Analyst,2,Skill Development,Build essential technical and soft skills for Data Analyst
Data Analyst,3,Tools & Technologies,Master industry tools and frameworks for Data Analyst
Data Analyst,4,Projects & Experience,Work on real-world projects and internships for Data Analyst
Data Analyst,5,Career Entry & Growth,Apply for jobs and advance professionally for Data Analyst
Cybersecurity Specialist,1,Foundations,Learn core fundamentals required for the field for Cybersecurity Specialist
Cybersecurity Specialist,2,Skill Development,Build essential technical and soft skills for Cybersecurity Specialist
Cybersecurity Specialist,3,Tools & Technologies,Master industry tools and frameworks for Cybersecurity Specialist
Cybersecurity Specialist,4,Projects & Experience,Work on real-world projects and internships for Cybersecurity Specialist
Cybersecurity Specialist,5,Career Entry & Growth,Apply for jobs and advance professionally for Cybersecurity Specialist
Database Architect,1,Foundations,Learn core fundamentals required for the field for Database Architect
Database Architect,2,Skill Development,Build essential technical and soft skills for Database Architect
Database Architect,3,Tools & Technologies,Master industry tools and frameworks for Database Architect
Database Architect,4,Projects & Experience,Work on real-world projects and internships for Database Architect
Database Architect,5,Career Entry & Growth,Apply for jobs and advance professionally for Database Architect
Business Intelligence Analyst,1,Foundations,Learn core fundamentals required for the field for Business Intelligence Analyst
Business Intelligence Analyst,2,Skill Development,Build essential technical and soft skills for Business Intelligence Analyst
Business Intelligence Analyst,3,Tools & Technologies,Master industry tools and frameworks for Business Intelligence Analyst
Business Intelligence Analyst,4,Projects & Experience,Work on real-world projects and internships for Business Intelligence Analyst
Business Intelligence Analyst,5,Career Entry & Growth,Apply for jobs and advance professionally for Business Intelligence Analyst
Network Security Engineer,1,Foundations,Learn core fundamentals required for the field for Network Security Engineer
Network Security Engineer,2,Skill Development,Build essential technical and soft skills for Network Security Engineer
Network Security Engineer,3,Tools & Technologies,Master industry tools and frameworks for Network Security Engineer
Network Security Engineer,4,Projects & Experience,Work on real-world projects and internships for Network Security Engineer
Network Security Engineer,5,Career Entry & Growth,Apply for jobs and advance professionally for Network Security Engineer
Civil Engineer,1,Foundations,Learn core fundamentals required for the field for Civil Engineer
Civil Engineer,2,Skill Development,Build essential technical and soft skills for Civil Engineer
Civil Engineer,3,Tools & Technologies,Master industry tools and frameworks for Civil Engineer
Civil Engineer,4,Projects & Experience,Work on real-world projects and internships for Civil Engineer
Civil Engineer,5,Career Entry & Growth,Apply for jobs and advance professionally for Civil Engineer
Electrical Engineer,1,Foundations,Learn core fundamentals required for the field for Electrical Engineer
Electrical Engineer,2,Skill Development,Build essential technical and soft skills for Electrical Engineer
Electrical Engineer,3,Tools & Technologies,Master industry tools and frameworks for Electrical Engineer
Electrical Engineer,4,Projects & Experience,Work on real-world projects and internships for Electrical Engineer
Electrical Engineer,5,Career Entry & Growth,Apply for jobs and advance professionally for Electrical Engineer
Mechanical Engineer,1,Foundations,Learn core fundamentals required for the field for Mechanical Engineer
Mechanical Engineer,2,Skill Development,Build essential technical and soft skills for Mechanical Engineer
Mechanical Engineer,3,Tools & Technologies,Master industry tools and frameworks for Mechanical Engineer
Mechanical Engineer,4,Projects & Experience,Work on real-world projects and internships for Mechanical Engineer
Mechanical Engineer,5,Career Entry & Growth,Apply for jobs and advance professionally for Mechanical Engineer
Industrial Engineer,1,Foundations,Learn core fundamentals required for the field for Industrial Engineer
Industrial Engineer,2,Skill Development,Build essential technical and soft skills for Industrial Engineer
Industrial Engineer,3,Tools & Technologies,Master industry tools and frameworks for Industrial Engineer
Industrial Engineer,4,Projects & Experience,Work on real-world projects and internships for Industrial Engineer
Industrial Engineer,5,Career Entry & Growth,Apply for jobs and advance professionally for Industrial Engineer
Robotics Engineer,1,Foundations,Learn core fundamentals required for the field for Robotics Engineer
Robotics Engineer,2,Skill Development,Build essential technical and soft skills for Robotics Engineer
Robotics Engineer,3,Tools & Technologies,Master industry tools and frameworks for Robotics Engineer
Robotics Engineer,4,Projects & Experience,Work on real-world projects and internships for Robotics Engineer
Robotics Engineer,5,Career Entry & Growth,Apply for jobs and advance professionally for Robotics Engineer
Physician,1,Foundations,Learn core fundamentals required for the field for Physician
Physician,2,Skill Development,Build essential technical and soft skills for Physician
Physician,3,Tools & Technologies,Master industry tools and frameworks for Physician
Physician,4,Projects & Experience,Work on real-world projects and internships for Physician
Physician,5,Career Entry & Growth,Apply for jobs and advance professionally for Physician
Nurse,1,Foundations,Learn core fundamentals required for the field for Nurse
Nurse,2,Skill Development,Build essential technical and soft skills for Nurse
Nurse,3,Tools & Technologies,Master industry tools and frameworks for Nurse
Nurse,4,Projects & Experience,Work on real-world projects and internships for Nurse
Nurse,5,Career Entry & Growth,Apply for jobs and advance professionally for Nurse
Physiotherapist,1,Foundations,Learn core fundamentals required for the field for Physiotherapist
Physiotherapist,2,Skill Development,Build essential technical and soft skills for Physiotherapist
Physiotherapist,3,Tools & Technologies,Master industry tools and frameworks for Physiotherapist
Physiotherapist,4,Projects & Experience,Work on real-world projects and internships for Physiotherapist
Physiotherapist,5,Career Entry & Growth,Apply for jobs and advance professionally for Physiotherapist
Occupational Therapist,1,Foundations,Learn core fundamentals required for the field for Occupational Therapist
Occupational Therapist,2,Skill Development,Build essential technical and soft skills for Occupational Therapist
Occupational Therapist,3,Tools & Technologies,Master industry tools and frameworks for Occupational Therapist
Occupational Therapist,4,Projects & Experience,Work on real-world projects and internships for Occupational Therapist
Occupational Therapist,5,Career Entry & Growth,Apply for jobs and advance professionally for Occupational Therapist
Clinical Psychologist,1,Foundations,Learn core fundamentals required for the field for Clinical Psychologist
Clinical Psychologist,2,Skill Development,Build essential technical and soft skills for Clinical Psychologist
Clinical Psychologist,3,Tools & Technologies,Master industry tools and frameworks for Clinical Psychologist
Clinical Psychologist,4,Projects & Experience,Work on real-world projects and internships for Clinical Psychologist
Clinical Psychologist,5,Career Entry & Growth,Apply for jobs and advance professionally for Clinical Psychologist
Biomedical Scientist,1,Foundations,Learn core fundamentals required for the field for Biomedical Scientist
Biomedical Scientist,2,Skill Development,Build essential technical and soft skills for Biomedical Scientist
Biomedical Scientist,3,Tools & Technologies,Master industry tools and frameworks for Biomedical Scientist
Biomedical Scientist,4,Projects & Experience,Work on real-world projects and internships for Biomedical Scientist
Biomedical Scientist,5,Career Entry & Growth,Apply for jobs and advance professionally for Biomedical Scientist
Geneticist,1,Foundations,Learn core fundamentals required for the field for Geneticist
Geneticist,2,Skill Development,Build essential technical and soft skills for Geneticist
Geneticist,3,Tools & Technologies,Master industry tools and frameworks for Geneticist
Geneticist,4,Projects & Experience,Work on real-world projects and internships for Geneticist
Geneticist,5,Career Entry & Growth,Apply for jobs and advance professionally for Geneticist
Microbiologist,1,Foundations,Learn core fundamentals required for the field for Microbiologist
Microbiologist,2,Skill Development,Build essential technical and soft skills for Microbiologist
Microbiologist,3,Tools & Technologies,Master industry tools and frameworks for Microbiologist
Microbiologist,4,Projects & Experience,Work on real-world projects and internships for Microbiologist
Microbiologist,5,Career Entry & Growth,Apply for jobs and advance professionally for Microbiologist
Pharmacologist,1,Foundations,Learn core fundamentals required for the field for Pharmacologist
Pharmacologist,2,Skill Development,Build essential technical and soft skills for Pharmacologist
Pharmacologist,3,Tools & Technologies,Master industry tools and frameworks for Pharmacologist
Pharmacologist,4,Projects & Experience,Work on real-world projects and internships for Pharmacologist
Pharmacologist,5,Career Entry & Growth,Apply for jobs and advance professionally for Pharmacologist
Immunologist,1,Foundations,Learn core fundamentals required for the field for Immunologist
Immunologist,2,Skill Development,Build essential technical and soft skills for Immunologist
Immunologist,3,Tools & Technologies,Master industry tools and frameworks for Immunologist
Immunologist,4,Projects & Experience,Work on real-world projects and internships for Immunologist
Immunologist,5,Career Entry & Growth,Apply for jobs and advance professionally for Immunologist
Environmental Scientist,1,Foundations,Learn core fundamentals required for the field for Environmental Scientist
Environmental Scientist,2,Skill Development,Build essential technical and soft skills for Environmental Scientist
Environmental Scientist,3,Tools & Technologies,Master industry tools and frameworks for Environmental Scientist
Environmental Scientist,4,Projects & Experience,Work on real-world projects and internships for Environmental Scientist
Environmental Scientist,5,Career Entry & Growth,Apply for jobs and advance professionally for Environmental Scientist
Wildlife Biologist,1,Foundations,Learn core fundamentals required for the field for Wildlife Biologist
Wildlife Biologist,2,Skill Development,Build essential technical and soft skills for Wildlife Biologist
Wildlife Biologist,3,Tools & Technologies,Master industry tools and frameworks for Wildlife Biologist
Wildlife Biologist,4,Projects & Experience,Work on real-world projects and internships for Wildlife Biologist
Wildlife Biologist,5,Career Entry & Growth,Apply for jobs and advance professionally for Wildlife Biologist
Marine Biologist,1,Foundations,Learn core fundamentals required for the field for Marine Biologist
Marine Biologist,2,Skill Development,Build essential technical and soft skills for Marine Biologist
Marine Biologist,3,Tools & Technologies,Master industry tools and frameworks for Marine Biologist
Marine Biologist,4,Projects & Experience,Work on real-world projects and internships for Marine Biologist
Marine Biologist,5,Career Entry & Growth,Apply for jobs and advance professionally for Marine Biologist
Ecologist,1,Foundations,Learn core fundamentals required for the field for Ecologist
Ecologist,2,Skill Development,Build essential technical and soft skills for Ecologist
Ecologist,3,Tools & Technologies,Master industry tools and frameworks for Ecologist
Ecologist,4,Projects & Experience,Work on real-world projects and internships for Ecologist
Ecologist,5,Career Entry & Growth,Apply for jobs and advance professionally for Ecologist
Conservation Officer,1,Foundations,Learn core fundamentals required for the field for Conservation Officer
Conservation Officer,2,Skill Development,Build essential technical and soft skills for Conservation Officer
Conservation Officer,3,Tools & Technologies,Master industry tools and frameworks for Conservation Officer
Conservation Officer,4,Projects & Experience,Work on real-world projects and internships for Conservation Officer
Conservation Officer,5,Career Entry & Growth,Apply for jobs and advance professionally for Conservation Officer
Accountant,1,Foundations,Learn core fundamentals required for the field for Accountant
Accountant,2,Skill Development,Build essential technical and soft skills for Accountant
Accountant,3,Tools & Technologies,Master industry tools and frameworks for Accountant
Accountant,4,Projects & Experience,Work on real-world projects and internships for Accountant
Accountant,5,Career Entry & Growth,Apply for jobs and advance professionally for Accountant
Auditor,1,Foundations,Learn core fundamentals required for the field for Auditor
Auditor,2,Skill Development,Build essential technical and soft skills for Auditor
Auditor,3,Tools & Technologies,Master industry tools and frameworks for Auditor
Auditor,4,Projects & Experience,Work on real-world projects and internships for Auditor
Auditor,5,Career Entry & Growth,Apply for jobs and advance professionally for Auditor
Tax Consultant,1,Foundations,Learn core fundamentals required for the field for Tax Consultant
Tax Consultant,2,Skill Development,Build essential technical and soft skills for Tax Consultant
Tax Consultant,3,Tools & Technologies,Master industry tools and frameworks for Tax Consultant
Tax Consultant,4,Projects & Experience,Work on real-world projects and internships for Tax Consultant
Tax Consultant,5,Career Entry & Growth,Apply for jobs and advance professionally for Tax Consultant
Financial Analyst,1,Foundations,Learn core fundamentals required for the field for Financial Analyst
Financial Analyst,2,Skill Development,Build essential technical and soft skills for Financial Analyst
Financial Analyst,3,Tools & Technologies,Master industry tools and frameworks for Financial Analyst
Financial Analyst,4,Projects & Experience,Work on real-world projects and internships for Financial Analyst
Financial Analyst,5,Career Entry & Growth,Apply for jobs and advance professionally for Financial Analyst
Investment Banker,1,Foundations,Learn core fundamentals required for the field for Investment Banker
Investment Banker,2,Skill Development,Build essential technical and soft skills for Investment Banker
Investment Banker,3,Tools & Technologies,Master industry tools and frameworks for Investment Banker
Investment Banker,4,Projects & Experience,Work on real-world projects and internships for Investment Banker
Investment Banker,5,Career Entry & Growth,Apply for jobs and advance professionally for Investment Banker
Business Manager,1,Foundations,Learn core fundamentals required for the field for Business Manager
Business Manager,2,Skill Development,Build essential technical and soft skills for Business Manager
Business Manager,3,Tools & Technologies,Master industry tools and frameworks for Business Manager
Business Manager,4,Projects & Experience,Work on real-world projects and internships for Business Manager
Business Manager,5,Career Entry & Growth,Apply for jobs and advance professionally for Business Manager
Operations Manager,1,Foundations,Learn core fundamentals required for the field for Operations Manager
Operations Manager,2,Skill Development,Build essential technical and soft skills for Operations Manager
Operations Manager,3,Tools & Technologies,Master industry tools and frameworks for Operations Manager
Operations Manager,4,Projects & Experience,Work on real-world projects and internships for Operations Manager
Operations Manager,5,Career Entry & Growth,Apply for jobs and advance professionally for Operations Manager
HR Manager,1,Foundations,Learn core fundamentals required for the field for HR Manager
HR Manager,2,Skill Development,Build essential technical and soft skills for HR Manager
HR Manager,3,Tools & Technologies,Master industry tools and frameworks for HR Manager
HR Manager,4,Projects & Experience,Work on real-world projects and internships for HR Manager
HR Manager,5,Career Entry & Growth,Apply for jobs and advance professionally for HR Manager
Project Manager,1,Foundations,Learn core fundamentals required for the field for Project Manager
Project Manager,2,Skill Development,Build essential technical and soft skills for Project Manager
Project Manager,3,Tools & Technologies,Master industry tools and frameworks for Project Manager
Project Manager,4,Projects & Experience,Work on real-world projects and internships for Project Manager
Project Manager,5,Career Entry & Growth,Apply for jobs and advance professionally for Project Manager
Entrepreneur,1,Foundations,Learn core fundamentals required for the field for Entrepreneur
Entrepreneur,2,Skill Development,Build essential technical and soft skills for Entrepreneur
Entrepreneur,3,Tools & Technologies,Master industry tools and frameworks for Entrepreneur
Entrepreneur,4,Projects & Experience,Work on real-world projects and internships for Entrepreneur
Entrepreneur,5,Career Entry & Growth,Apply for jobs and advance professionally for Entrepreneur
Marketing Executive,1,Foundations,Learn core fundamentals required for the field for Marketing Executive
Marketing Executive,2,Skill Development,Build essential technical and soft skills for Marketing Executive
Marketing Executive,3,Tools & Technologies,Master industry tools and frameworks for Marketing Executive
Marketing Executive,4,Projects & Experience,Work on real-world projects and internships for Marketing Executive
Marketing Executive,5,Career Entry & Growth,Apply for jobs and advance professionally for Marketing Executive
Brand Manager,1,Foundations,Learn core fundamentals required for the field for Brand Manager
Brand Manager,2,Skill Development,Build essential technical and soft skills for Brand Manager
Brand Manager,3,Tools & Technologies,Master industry tools and frameworks for Brand Manager
Brand Manager,4,Projects & Experience,Work on real-world projects and internships for Brand Manager
Brand Manager,5,Career Entry & Growth,Apply for jobs and advance professionally for Brand Manager
Digital Marketer,1,Foundations,Learn core fundamentals required for the field for Digital Marketer
Digital Marketer,2,Skill Development,Build essential technical and soft skills for Digital Marketer
Digital Marketer,3,Tools & Technologies,Master industry tools and frameworks for Digital Marketer
Digital Marketer,4,Projects & Experience,Work on real-world projects and internships for Digital Marketer
Digital Marketer,5,Career Entry & Growth,Apply for jobs and advance professionally for Digital Marketer
Sales Manager,1,Foundations,Learn core fundamentals required for the field for Sales Manager
Sales Manager,2,Skill Development,Build essential technical and soft skills for Sales Manager
Sales Manager,3,Tools & Technologies,Master industry tools and frameworks for Sales Manager
Sales Manager,4,Projects & Experience,Work on real-world projects and internships for Sales Manager
Sales Manager,5,Career Entry & Growth,Apply for jobs and advance professionally for Sales Manager
Market Research Analyst,1,Foundations,Learn core fundamentals required for the field for Market Research Analyst
Market Research Analyst,2,Skill Development,Build essential technical and soft skills for Market Research Analyst
Market Research Analyst,3,Tools & Technologies,Master industry tools and frameworks for Market Research Analyst
Market Research Analyst,4,Projects & Experience,Work on real-world projects and internships for Market Research Analyst
Market Research Analyst,5,Career Entry & Growth,Apply for jobs and advance professionally for Market Research Analyst
Journalist,1,Foundations,Learn core fundamentals required for the field for Journalist
Journalist,2,Skill Development,Build essential technical and soft skills for Journalist
Journalist,3,Tools & Technologies,Master industry tools and frameworks for Journalist
Journalist,4,Projects & Experience,Work on real-world projects and internships for Journalist
Journalist,5,Career Entry & Growth,Apply for jobs and advance professionally for Journalist
Public Relations Officer,1,Foundations,Learn core fundamentals required for the field for Public Relations Officer
Public Relations Officer,2,Skill Development,Build essential technical and soft skills for Public Relations Officer
Public Relations Officer,3,Tools & Technologies,Master industry tools and frameworks for Public Relations Officer
Public Relations Officer,4,Projects & Experience,Work on real-world projects and internships for Public Relations Officer
Public Relations Officer,5,Career Entry & Growth,Apply for jobs and advance professionally for Public Relations Officer
Content Writer,1,Foundations,Learn core fundamentals required for the field for Content Writer
Content Writer,2,Skill Development,Build essential technical and soft skills for Content Writer
Content Writer,3,Tools & Technologies,Master industry tools and frameworks for Content Writer
Content Writer,4,Projects & Experience,Work on real-world projects and internships for Content Writer
Content Writer,5,Career Entry & Growth,Apply for jobs and advance professionally for Content Writer
Social Media Manager,1,Foundations,Learn core fundamentals required for the field for Social Media Manager
Social Media Manager,2,Skill Development,Build essential technical and soft skills for Social Media Manager
Social Media Manager,3,Tools & Technologies,Master industry tools and frameworks for Social Media Manager
Social Media Manager,4,Projects & Experience,Work on real-world projects and internships for Social Media Manager
Social Media Manager,5,Career Entry & Growth,Apply for jobs and advance professionally for Social Media Manager
Broadcaster,1,Foundations,Learn core fundamentals required for the field for Broadcaster
Broadcaster,2,Skill Development,Build essential technical and soft skills for Broadcaster
Broadcaster,3,Tools & Technologies,Master industry tools and frameworks for Broadcaster
Broadcaster,4,Projects & Experience,Work on real-world projects and internships for Broadcaster
Broadcaster,5,Career Entry & Growth,Apply for jobs and advance professionally for Broadcaster
Graphic Designer,1,Foundations,Learn core fundamentals required for the field for Graphic Designer
Graphic Designer,2,Skill Development,Build essential technical and soft skills for Graphic Designer
Graphic Designer,3,Tools & Technologies,Master industry tools and frameworks for Graphic Designer
Graphic Designer,4,Projects & Experience,Work on real-world projects and internships for Graphic Designer
Graphic Designer,5,Career Entry & Growth,Apply for jobs and advance professionally for Graphic Designer
Animator,1,Foundations,Learn core fundamentals required for the field for Animator
Animator,2,Skill Development,Build essential technical and soft skills for Animator
Animator,3,Tools & Technologies,Master industry tools and frameworks for Animator
Animator,4,Projects & Experience,Work on real-world projects and internships for Animator
Animator,5,Career Entry & Growth,Apply for jobs and advance professionally for Animator
Musician,1,Foundations,Learn core fundamentals required for the field for Musician
Musician,2,Skill Development,Build essential technical and soft skills for Musician
Musician,3,Tools & Technologies,Master industry tools and frameworks for Musician
Musician,4,Projects & Experience,Work on real-world projects and internships for Musician
Musician,5,Career Entry & Growth,Apply for jobs and advance professionally for Musician
Actor/Actress,1,Foundations,Learn core fundamentals required for the field for Actor/Actress
Actor/Actress,2,Skill Development,Build essential technical and soft skills for Actor/Actress
Actor/Actress,3,Tools & Technologies,Master industry tools and frameworks for Actor/Actress
Actor/Actress,4,Projects & Experience,Work on real-world projects and internships for Actor/Actress
Actor/Actress,5,Career Entry & Growth,Apply for jobs and advance professionally for Actor/Actress
Fashion Designer,1,Foundations,Learn core fundamentals required for the field for Fashion Designer
Fashion Designer,2,Skill Development,Build essential technical and soft skills for Fashion Designer
Fashion Designer,3,Tools & Technologies,Master industry tools and frameworks for Fashion Designer
Fashion Designer,4,Projects & Experience,Work on real-world projects and internships for Fashion Designer
Fashion Designer,5,Career Entry & Growth,Apply for jobs and advance professionally for Fashion Designer
Teacher,1,Foundations,Learn core fundamentals required for the field for Teacher
Teacher,2,Skill Development,Build essential technical and soft skills for Teacher
Teacher,3,Tools & Technologies,Master industry tools and frameworks for Teacher
Teacher,4,Projects & Experience,Work on real-world projects and internships for Teacher
Teacher,5,Career Entry & Growth,Apply for jobs and advance professionally for Teacher
Counselor,1,Foundations,Learn core fundamentals required for the field for Counselor
Counselor,2,Skill Development,Build essential technical and soft skills for Counselor
Counselor,3,Tools & Technologies,Master industry tools and frameworks for Counselor
Counselor,4,Projects & Experience,Work on real-world projects and internships for Counselor
Counselor,5,Career Entry & Growth,Apply for jobs and advance professionally for Counselor
Social Worker,1,Foundations,Learn core fundamentals required for the field for Social Worker
Social Worker,2,Skill Development,Build essential technical and soft skills for Social Worker
Social Worker,3,Tools & Technologies,Master industry tools and frameworks for Social Worker
Social Worker,4,Projects & Experience,Work on real-world projects and internships for Social Worker
Social Worker,5,Career Entry & Growth,Apply for jobs and advance professionally for Social Worker
Librarian,1,Foundations,Learn core fundamentals required for the field for Librarian
Librarian,2,Skill Development,Build essential technical and soft skills for Librarian
Librarian,3,Tools & Technologies,Master industry tools and frameworks for Librarian
Librarian,4,Projects & Experience,Work on real-world projects and internships for Librarian
Librarian,5,Career Entry & Growth,Apply for jobs and advance professionally for Librarian
NGO Officer,1,Foundations,Learn core fundamentals required for the field for NGO Officer
NGO Officer,2,Skill Development,Build essential technical and soft skills for NGO Officer
NGO Officer,3,Tools & Technologies,Master industry tools and frameworks for NGO Officer
NGO Officer,4,Projects & Experience,Work on real-world projects and internships for NGO Officer
NGO Officer,5,Career Entry & Growth,Apply for jobs and advance professionally for NGO Officer
IT Support Specialist,1,Foundations,Learn core fundamentals required for the field for IT Support Specialist
IT Support Specialist,2,Skill Development,Build essential technical and soft skills for IT Support Specialist
IT Support Specialist,3,Tools & Technologies,Master industry tools and frameworks for IT Support Specialist
IT Support Specialist,4,Projects & Experience,Work on real-world projects and internships for IT Support Specialist
IT Support Specialist,5,Career Entry & Growth,Apply for jobs and advance professionally for IT Support Specialist
Network Administrator,1,Foundations,Learn core fundamentals required for the field for Network Administrator
Network Administrator,2,Skill Development,Build essential technical and soft skills for Network Administrator
Network Administrator,3,Tools & Technologies,Master industry tools and frameworks for Network Administrator
Network Administrator,4,Projects & Experience,Work on real-world projects and internships for Network Administrator
Network Administrator,5,Career Entry & Growth,Apply for jobs and advance professionally for Network Administrator
Technical Trainer,1,Foundations,Learn core fundamentals required for the field for Technical Trainer
Technical Trainer,2,Skill Development,Build essential technical and soft skills for Technical Trainer
Technical Trainer,3,Tools & Technologies,Master industry tools and frameworks for Technical Trainer
Technical Trainer,4,Projects & Experience,Work on real-world projects and internships for Technical Trainer
Technical Trainer,5,Career Entry & Growth,Apply for jobs and advance professionally for Technical Trainer
Helpdesk Technician,1,Foundations,Learn core fundamentals required for the field for Helpdesk Technician
Helpdesk Technician,2,Skill Development,Build essential technical and soft skills for Helpdesk Technician
Helpdesk Technician,3,Tools & Technologies,Master industry tools and frameworks for Helpdesk Technician
Helpdesk Technician,4,Projects & Experience,Work on real-world projects and internships for Helpdesk Technician
Helpdesk Technician,5,Career Entry & Growth,Apply for jobs and advance professionally for Helpdesk Technician
System Operator,1,Foundations,Learn core fundamentals required for the field for System Operator
System Operator,2,Skill Development,Build essential technical and soft skills for System Operator
System Operator,3,Tools & Technologies,Master industry tools and frameworks for System Operator
System Operator,4,Projects & Experience,Work on real-world projects and internships for System Operator
System Operator,5,Career Entry & Growth,Apply for jobs and advance professionally for System Operator
Product Manager,1,Foundations,Learn core fundamentals required for the field for Product Manager
Product Manager,2,Skill Development,Build essential technical and soft skills for Product Manager
Product Manager,3,Tools & Technologies,Master industry tools and frameworks for Product Manager
Product Manager,4,Projects & Experience,Work on real-world projects and internships for Product Manager
Product Manager,5,Career Entry & Growth,Apply for jobs and advance professionally for Product Manager
Startup Founder,1,Foundations,Learn core fundamentals required for the field for Startup Founder
Startup Founder,2,Skill Development,Build essential technical and soft skills for Startup Founder
Startup Founder,3,Tools & Technologies,Master industry tools and frameworks for Startup Founder
Startup Founder,4,Projects & Experience,Work on real-world projects and internships for Startup Founder
Startup Founder,5,Career Entry & Growth,Apply for jobs and advance professionally for Startup Founder
Tech Consultant,1,Foundations,Learn core fundamentals required for the field for Tech Consultant
Tech Consultant,2,Skill Development,Build essential technical and soft skills for Tech Consultant
Tech Consultant,3,Tools & Technologies,Master industry tools and frameworks for Tech Consultant
Tech Consultant,4,Projects & Experience,Work on real-world projects and internships for Tech Consultant
Tech Consultant,5,Career Entry & Growth,Apply for jobs and advance professionally for Tech Consultant
Business Analyst (Tech),1,Foundations,Learn core fundamentals required for the field for Business Analyst (Tech)
Business Analyst (Tech),2,Skill Development,Build essential technical and soft skills for Business Analyst (Tech)
Business Analyst (Tech),3,Tools & Technologies,Master industry tools and frameworks for Business Analyst (Tech)
Business Analyst (Tech),4,Projects & Experience,Work on real-world projects and internships for Business Analyst (Tech)
Business Analyst (Tech),5,Career Entry & Growth,Apply for jobs and advance professionally for Business Analyst (Tech)
Innovation Manager,1,Foundations,Learn core fundamentals required for the field for Innovation Manager
Innovation Manager,2,Skill Development,Build essential technical and soft skills for Innovation Manager
Innovation Manager,3,Tools & Technologies,Master industry tools and frameworks for Innovation Manager
Innovation Manager,4,Projects & Experience,Work on real-world projects and internships for Innovation Manager
Innovation Manager,5,Career Entry & Growth,Apply for jobs and advance professionally for Innovation Manager
UI/UX Designer,1,Foundations,Learn core fundamentals required for the field for UI/UX Designer
UI/UX Designer,2,Skill Development,Build essential technical and soft skills for UI/UX Designer
UI/UX Designer,3,Tools & Technologies,Master industry tools and frameworks for UI/UX Designer
UI/UX Designer,4,Projects & Experience,Work on real-world projects and internships for UI/UX Designer
UI/UX Designer,5,Career Entry & Growth,Apply for jobs and advance professionally for UI/UX Designer
Game Developer,1,Foundations,Learn core fundamentals required for the field for Game Developer
Game Developer,2,Skill Development,Build essential technical and soft skills for Game Developer
Game Developer,3,Tools & Technologies,Master industry tools and frameworks for Game Developer
Game Developer,4,Projects & Experience,Work on real-world projects and internships for Game Developer
Game Developer,5,Career Entry & Growth,Apply for jobs and advance professionally for Game Developer
AR/VR Developer,1,Foundations,Learn core fundamentals required for the field for AR/VR Developer
AR/VR Developer,2,Skill Development,Build essential technical and soft skills for AR/VR Developer
AR/VR Developer,3,Tools & Technologies,Master industry tools and frameworks for AR/VR Developer
AR/VR Developer,4,Projects & Experience,Work on real-world projects and internships for AR/VR Developer
AR/VR Developer,5,Career Entry & Growth,Apply for jobs and advance professionally for AR/VR Developer
Multimedia Artist,1,Foundations,Learn core fundamentals required for the field for Multimedia Artist
Multimedia Artist,2,Skill Development,Build essential technical and soft skills for Multimedia Artist
Multimedia Artist,3,Tools & Technologies,Master industry tools and frameworks for Multimedia Artist
Multimedia Artist,4,Projects & Experience,Work on real-world projects and internships for Multimedia Artist
Multimedia Artist,5,Career Entry & Growth,Apply for jobs and advance professionally for Multimedia Artist
Mobile App Developer,1,Foundations,Learn core fundamentals required for the field for Mobile App Developer
Mobile App Developer,2,Skill Development,Build essential technical and soft skills for Mobile App Developer
Mobile App Developer,3,Tools & Technologies,Master industry tools and frameworks for Mobile App Developer
Mobile App Developer,4,Projects & Experience,Work on real-world projects and internships for Mobile App Developer
Mobile App Developer,5,Career Entry & Growth,Apply for jobs and advance professionally for Mobile App Developer
